<?xml version="1.0" encoding="UTF-8"?>
<!DOCTYPE hibernate-configuration SYSTEM
"http://www.hibernate.org/dtd/hibernate-configuration-3.0.dtd">
<hibernate-configuration>
<session-factory>
<property name = "hibernate.dialect">
org.hibernate.dialect.MySQL5Dialect
</property>
<property name = "hibernate.connection.driver_class">
com.mysql.cj.jdbc.Driver
</property>
<property name = "hibernate.connection.url">
jdbc:mysql://localhost:3306/ecommerce
</property>
<property name = "hibernate.connection.username">
root
</property>
<property name = "hibernate.connection.password">
Rasheed7711@
</property>
<property name="show_sql">
true
</property>
<property name="hbm2ddl.auto">
update
</property>
<mapping class="com.entity.Eproducts"/>
</session-factory>
</hibernate-configuration>